,Median OR,95% Interval,90% Interval,75% Interval
Avg Interpolated values (ng/ml),1.82969417,"(1.69757371, 2.02911553)","(1.70796055, 1.97486492)","(1.7490976, 1.92591273)"
ng/g Total toxinB in stool,1.48040402,"(1.33963877, 1.58867447)","(1.36697463, 1.58756278)","(1.41142524, 1.53818015)"
Toxin detected,1.00487267,"(1.0, 1.01724704)","(1.0, 1.01694191)","(1.0, 1.00944432)"
C diff isolate,1.0,"(1.0, 1.0)","(1.0, 1.0)","(1.0, 1.0)"
