,Median OR,95% Interval,90% Interval,75% Interval
ng/g Total toxinB in stool,1.47335036,"(1.38264731, 1.6606349)","(1.39041185, 1.61107233)","(1.41170755, 1.52165719)"
Avg Interpolated values (ng/ml),1.37028261,"(1.15615518, 1.47167322)","(1.30199799, 1.45324647)","(1.30983346, 1.42603804)"
C diff isolate,1.33262481,"(1.16905999, 1.44137858)","(1.27596148, 1.43562458)","(1.30656297, 1.42105563)"
Toxin detected,1.0,"(1.0, 1.0)","(1.0, 1.0)","(1.0, 1.0)"
