,Median OR,95% Interval,90% Interval,75% Interval
ng/g Total toxinB in stool,1.73592986,"(1.54172204, 1.9016083)","(1.60415959, 1.9010379)","(1.64575624, 1.89723962)"
Avg Interpolated values (ng/ml),1.53962259,"(1.42946464, 1.76314651)","(1.42989355, 1.6606349)","(1.4327562, 1.63443961)"
Toxin detected,1.0,"(1.0, 1.09636482)","(1.0, 1.0)","(1.0, 1.0)"
C diff isolate,1.0,"(1.0, 1.0616242)","(1.0, 1.06077524)","(1.0, 1.04550498)"
