,Median OR,95% Interval,90% Interval,75% Interval
Avg Interpolated values (ng/ml),1.73578912,"(1.50742063, 2.08569055)","(1.51725078, 1.89913781)","(1.66512467, 1.81411909)"
ng/g Total toxinB in stool,1.28563121,"(1.17163475, 1.47461951)","(1.19208038, 1.3951473)","(1.20550673, 1.34138143)"
C diff isolate,1.21944086,"(1.11248917, 1.26731438)","(1.17233795, 1.26731438)","(1.18329154, 1.2593554)"
Toxin detected,1.0,"(1.0, 1.0)","(1.0, 1.0)","(1.0, 1.0)"
