,Median OR,95% Interval,90% Interval,75% Interval
Propionate,1.31494909,"(1.24757292, 1.3732772)","(1.25345031, 1.356625)","(1.2762167, 1.34527708)"
Isobutyrate,1.25084684,"(1.20394059, 1.30473506)","(1.21871863, 1.28711078)","(1.23306138, 1.27239379)"
Butyrate,1.14831588,"(1.10583422, 1.24358707)","(1.11505084, 1.1911271)","(1.12423185, 1.18234529)"
Acetate,1.14165433,"(1.10605541, 1.17986497)","(1.11371358, 1.17821432)","(1.11951998, 1.17069782)"
Isovalerate/2-ME butyrate,1.12009736,"(1.07573054, 1.16637424)","(1.0759457, 1.16532498)","(1.09133313, 1.16322928)"
Valerate,1.1103215,"(1.07347387, 1.13371517)","(1.08567292, 1.13020609)","(1.09592636, 1.12490659)"
Isocaproate,1.0,"(1.0, 1.01237596)","(1.0, 1.00914153)","(1.0, 1.0)"
Caproate,1.0,"(1.0, 1.0)","(1.0, 1.0)","(1.0, 1.0)"
Heptanoate,1.0,"(1.0, 1.0)","(1.0, 1.0)","(1.0, 1.0)"
