,Median OR,95% Interval,90% Interval,75% Interval
Butyrate,1.42050662,"(1.34164973, 1.51892067)","(1.35974883, 1.5178578)","(1.37259073, 1.49466186)"
Acetate,1.36601841,"(1.29110701, 1.4327562)","(1.29835749, 1.42946464)","(1.30970248, 1.41708224)"
Propionate,1.16376625,"(1.1040663, 1.21506795)","(1.10682992, 1.20876599)","(1.12030391, 1.1908889)"
Isobutyrate,1.09700516,"(1.07068647, 1.17362823)","(1.0722937, 1.16427666)","(1.07885468, 1.13428217)"
Isovalerate/2-ME butyrate,1.0834249,"(1.03800438, 1.12164909)","(1.04174793, 1.11750665)","(1.06321783, 1.10760497)"
Valerate,1.00262746,"(1.0, 1.01227472)","(1.0, 1.00883883)","(1.0, 1.00843538)"
Isocaproate,1.0,"(1.0, 1.0)","(1.0, 1.0)","(1.0, 1.0)"
Caproate,1.0,"(1.0, 1.0)","(1.0, 1.0)","(1.0, 1.0)"
Heptanoate,1.0,"(1.0, 1.0)","(1.0, 1.0)","(1.0, 1.0)"
