,Median OR,95% Interval,90% Interval,75% Interval
Isocaproate,0.63063398,"(1.0, 0.55833284)","(0.88382164, 0.57390007)","(0.80791373, 0.58484993)"
Valerate,0.63992667,"(0.8995146, 0.59273966)","(0.77670086, 0.5929768)","(0.71892373, 0.60332455)"
Propionate,0.64959997,"(0.75767556, 0.55928282)","(0.74490395, 0.56580827)","(0.71348062, 0.59285822)"
Acetate,0.78363528,"(1.0, 0.70222599)","(1.0, 0.72057916)","(0.91010072, 0.73396055)"
Isovalerate/2-ME butyrate,0.79095386,"(1.0, 0.66345118)","(1.0, 0.69294822)","(0.88126227, 0.73631298)"
Isobutyrate,1.0,"(1.0, 0.8687499)","(1.0, 0.9379112)","(1.0, 1.0)"
Butyrate,1.0,"(1.0, 0.56416981)","(1.0, 1.07680681)","(1.0, 1.03448115)"
Caproate,1.0,"(1.0, 1.0)","(1.0, 1.0)","(1.0, 1.0)"
Heptanoate,1.0,"(1.0, 1.0)","(1.0, 1.0)","(1.0, 1.0)"
