,Median OR,95% Interval,90% Interval,75% Interval
Propionate,1.21067213,"(1.16241531, 1.25082083)","(1.16637424, 1.2357771)","(1.18827182, 1.2282618)"
Isobutyrate,1.19829946,"(1.15765916, 1.24645061)","(1.16660754, 1.24433344)","(1.18104543, 1.22642079)"
Acetate,1.19051361,"(1.15974482, 1.28453913)","(1.16148574, 1.25822249)","(1.16544152, 1.23343135)"
Butyrate,1.16918136,"(1.12896355, 1.20949147)","(1.1346225, 1.20406099)","(1.136553, 1.19745683)"
Isovalerate/2-ME butyrate,1.13947145,"(1.12198563, 1.16299666)","(1.12907645, 1.1562708)","(1.13405533, 1.14981378)"
Valerate,1.09158688,"(1.05897345, 1.11271169)","(1.07218648, 1.11215547)","(1.07939425, 1.10506041)"
Isocaproate,1.07553322,"(1.04717912, 1.11650135)","(1.05274391, 1.11382496)","(1.05759768, 1.10141972)"
Caproate,1.0,"(1.0, 1.00240288)","(1.0, 1.00220242)","(1.0, 1.0)"
Heptanoate,1.0,"(1.0, 1.0)","(1.0, 1.0)","(1.0, 1.0)"
