,Median OR,95% Interval,90% Interval,75% Interval
Isocaproate,0.93893007,"(1.0, 0.40673232)","(1.0, 0.41619557)","(1.0, 0.87774426)"
Acetate,1.0,"(1.0, 0.66034028)","(1.0, 0.67929485)","(1.0, 0.91557774)"
Butyrate,1.0,"(1.0, 1.10760497)","(1.0, 1.01938551)","(1.0, 1.0)"
Caproate,1.0,"(1.0, 1.0)","(1.0, 1.0)","(1.0, 1.0)"
Heptanoate,1.0,"(1.0, 0.8537644)","(1.0, 0.96338708)","(1.0, 1.0)"
Isobutyrate,1.0,"(1.0, 1.9809965)","(1.0, 1.92687593)","(1.0, 1.0)"
Isovalerate/2-ME butyrate,1.0,"(1.0, 1.0)","(1.0, 1.0)","(1.0, 1.0)"
Propionate,1.0,"(1.0, 0.54771511)","(1.0, 0.62269403)","(1.0, 1.0)"
Valerate,1.0,"(1.0, 0.92514944)","(1.0, 0.94232976)","(1.0, 0.97716476)"
