,Median OR,95% Interval,90% Interval,75% Interval
Acetate,1.0,"(1.0, 0.00044337)","(1.0, 0.00203329)","(1.0, 0.00774196)"
Propionate,1.0,"(1.0, 199.33762597)","(1.0, 188.4626794)","(1.0, 56.44687893)"
Isobutyrate,1.0,"(1.0, 0.06112099)","(1.0, 0.26604229)","(1.0, 0.35861711)"
Butyrate,1.0,"(1.0, 51.16726643)","(1.0, 7.83420968)","(1.0, 5.44229039)"
Isovalerate/2-ME butyrate,1.0,"(1.0, 31.99885113)","(1.0, 2.07591081)","(1.0, 1.44527556)"
Valerate,1.0,"(1.0, 0.06533026)","(1.0, 0.08431462)","(1.0, 0.23950045)"
Isocaproate,1.0,"(1.0, 2.20758686)","(1.0, 1.24346272)","(1.0, 1.00904062)"
Caproate,1.0,"(1.0, 0.60145714)","(1.0, 0.68338287)","(1.0, 0.68338287)"
Heptanoate,1.0,"(1.0, 1.0)","(1.0, 1.0)","(1.0, 1.0)"
